barcode,orig.ident,celltype
AAACGAATCGCATAAC,pbmc_1k,6
AAACGAATCTGTGTGA,pbmc_1k,1
AAACTCGAGAGGAACA,pbmc_1k,3
AAACTCGAGCCTGTAT,pbmc_1k,1
AAACTCGAGCTGAGGT,pbmc_1k,1
AAACTGCGTAGCGAGT,pbmc_1k,1
AAACTGCGTTCGGGAA,pbmc_1k,3
AAAGATGAGATCGCCC,pbmc_1k,5
AAAGATGAGCAAGGTC,pbmc_1k,3
AAAGATGTCCCGTAGG,pbmc_1k,1
AAAGGATAGAATCAAC,pbmc_1k,4
AAAGGATGTTCTTATC,pbmc_1k,6
AAAGGATTCGATTACG,pbmc_1k,1
AAAGGGCCACAGAAGC,pbmc_1k,1
AAAGGGCCAGAGATGC,pbmc_1k,2
AAAGGGCGTAGCGGTA,pbmc_1k,2
AAAGGGCGTTTAGGAA,pbmc_1k,5
AAAGGGCTCCAGAATC,pbmc_1k,4
AACAAAGTCGGACGAA,pbmc_1k,5
AACATCGCACGTACAT,pbmc_1k,1
AACCAACGTCGCGCTA,pbmc_1k,5
AACCAACGTCTAAAGA,pbmc_1k,1
AACCAACTCACAGGGA,pbmc_1k,2
AACCGATCACAGCCAC,pbmc_1k,3
AACCGATCAGGATGTG,pbmc_1k,3
AACCTGAAGCGGACTA,pbmc_1k,1
AACCTGAAGTCTGTGT,pbmc_1k,3
AACCTGAGTGAGTCGA,pbmc_1k,4
AACCTGATCCCGCAAG,pbmc_1k,1
AACCTTTCAAACGACG,pbmc_1k,2
AACCTTTTCCATGACA,pbmc_1k,4
AACGAGGGTCACAGGA,pbmc_1k,5
AACGGGATCGTTGTAG,pbmc_1k,3
AACTGTGTCCGCCTAT,pbmc_1k,3
AACTTGGAGGCTGGAT,pbmc_1k,4
AACTTGGCACCCATCT,pbmc_1k,2
AACTTGGGTAGTCTGT,pbmc_1k,3
AACTTGGGTTATGCAC,pbmc_1k,1
AACTTGGTCGAGAACG,pbmc_1k,6
AAGATAGTCCCGCAAG,pbmc_1k,1
AAGATAGTCTCGACAA,pbmc_1k,2
AAGATAGTCTTACTCA,pbmc_1k,5
AAGGAGCGTCTCTGCT,pbmc_1k,4
AAGGAGCTCGGATGTT,pbmc_1k,4
AAGGTTCCAGGTCCTG,pbmc_1k,3
AATACGCGTAGTATCC,pbmc_1k,6
AATACGCGTTATCGAC,pbmc_1k,5
AATGCCAGTGTTTCTT,pbmc_1k,2
AATGCCATCCCGGGTA,pbmc_1k,2
AATGCCATCGGATCGC,pbmc_1k,6
AATGGAAGTATTCGCA,pbmc_1k,6
AATGGCTAGTGATTAG,pbmc_1k,5
AATGGCTGTACGTAGG,pbmc_1k,3
AATGTCGAGACACAAT,pbmc_1k,5
AATGTCGAGTCTGGGA,pbmc_1k,1
AATGTCGTCTGTTTAC,pbmc_1k,1
ACAAACCAGAACGTCG,pbmc_1k,3
ACAAACCCAGAGATGC,pbmc_1k,5
ACAAACCCATTCACCC,pbmc_1k,5
ACAAAGACAGGTGGTA,pbmc_1k,2
ACAAGCTCAAGATGCG,pbmc_1k,1
ACAAGCTCAAGCCTTA,pbmc_1k,1
ACAAGCTCAGGGTACA,pbmc_1k,3
ACAAGCTCATGTATCG,pbmc_1k,2
ACAAGCTGTCAGCTTA,pbmc_1k,6
ACAAGCTGTTAGGAGC,pbmc_1k,5
ACAAGCTTCGCCAGAC,pbmc_1k,1
ACAATCGCAATGCCAT,pbmc_1k,3
ACAATCGTCCTCAAGA,pbmc_1k,3
ACAATCGTCCTGTGGG,pbmc_1k,2
ACAGAAACAAAGCTGG,pbmc_1k,5
ACAGGCCAGTCGTACT,pbmc_1k,1
ACAGGCCCACCACCAG,pbmc_1k,1
ACATGGTCACACATTG,pbmc_1k,1
ACATGGTTCCAAACCA,pbmc_1k,2
ACCAAACCACCGATCG,pbmc_1k,4
ACCATCCAGAGCAGCT,pbmc_1k,1
ACCATCCCAACGGGTA,pbmc_1k,1
ACCATCCCAAGTTGCT,pbmc_1k,2
ACCCAAAAGAGAGGTA,pbmc_1k,5
ACCGAATAGTTTGGAA,pbmc_1k,5
ACCGCAGGTAGAAGCC,pbmc_1k,1
ACCGCAGGTAGCGTTT,pbmc_1k,1
ACCGCAGTCAGGCGCT,pbmc_1k,3
ACCTGCTAGCTCCGGT,pbmc_1k,2
ACCTGCTAGTGAAACT,pbmc_1k,4
ACCTGCTCAATCATCG,pbmc_1k,3
ACCTGCTGTCAGCAAG,pbmc_1k,1
ACCTGCTGTGCTTACA,pbmc_1k,4
ACGGATTAGCTCGTTA,pbmc_1k,6
ACGTGGCAGGGTGTTG,pbmc_1k,1
ACGTGGCCAATGAAAC,pbmc_1k,3
ACGTGGCGTCTCAAAC,pbmc_1k,4
ACGTGGCTCTCTGACC,pbmc_1k,6
ACGTTAGCAGCGTACC,pbmc_1k,4
ACGTTAGCATCGTACA,pbmc_1k,4
ACGTTAGTCTGGCGCA,pbmc_1k,3
ACTAACGGTCCCTAAA,pbmc_1k,1
ACTAACGGTCGAGAAC,pbmc_1k,6
ACTAACGGTTCCATCC,pbmc_1k,5
ACTAACGGTTTAAGGA,pbmc_1k,1
ACTACCCAGGTACATA,pbmc_1k,4
ACTACCCCACTCGGAC,pbmc_1k,6
ACTAGGTCAAGAGCGT,pbmc_1k,3
ACTAGGTCACCACCAG,pbmc_1k,1
ACTAGGTTCCGAGAGA,pbmc_1k,1
ACTATTCAGCGCCTAC,pbmc_1k,3
ACTATTCCATGGCCCA,pbmc_1k,2
ACTATTCGTTGGACGA,pbmc_1k,3
ACTCGGGCATTATGGC,pbmc_1k,4
ACTGCAAAGATGCGCA,pbmc_1k,2
ACTGCAACAACCTCTC,pbmc_1k,2
ACTGCAATCGATGTAC,pbmc_1k,6
ACTGCAATCGCATAAC,pbmc_1k,2
ACTGCAATCTTCCAGC,pbmc_1k,6
ACTGCGGAGAGCTGTG,pbmc_1k,6
ACTGCGGTCCTTACGC,pbmc_1k,6
ACTTCCGCAATCCATG,pbmc_1k,1
ACTTCCGTCTGGAAGG,pbmc_1k,2
ACTTTCAAGTGTCGCC,pbmc_1k,4
AGATAGAAGCTCCGGT,pbmc_1k,4
AGATAGACATCACAAC,pbmc_1k,4
AGATAGATCTATCCTA,pbmc_1k,5
AGATTCGAGTGCTCGC,pbmc_1k,4
AGATTCGGTAGGTAAT,pbmc_1k,3
AGCCAGCAGGCAATTA,pbmc_1k,1
AGCCAGCAGGCGATTG,pbmc_1k,5
AGCCAGCCACCACCAG,pbmc_1k,2
AGCCCGAAGTCATACC,pbmc_1k,3
AGCCCGAGTGTGTGTT,pbmc_1k,1
AGCCCGATCCAGGTAT,pbmc_1k,2
AGCCGCAAGTCTGCTA,pbmc_1k,2
AGCCGCACAGCAATGG,pbmc_1k,1
AGCCTGGAGTCAGCCC,pbmc_1k,5
AGCCTGGGTGCTTGAT,pbmc_1k,4
AGCCTTCAGTAGTCGG,pbmc_1k,3
AGCCTTCAGTCTGGGA,pbmc_1k,6
AGCCTTCCAGCGTAGA,pbmc_1k,4
AGCCTTCTCAAGAGGC,pbmc_1k,6
AGCCTTCTCCCGAAGC,pbmc_1k,4
AGCCTTCTCTACTGCC,pbmc_1k,2
AGCCTTCTCTGAAAGA,pbmc_1k,1
AGCGATTCACTGCTCT,pbmc_1k,1
AGCGATTTCGACGGAA,pbmc_1k,2
AGCGTATAGAGAGTTT,pbmc_1k,1
AGCGTATAGTCCCGCA,pbmc_1k,2
AGCGTGCCAAGTCTCA,pbmc_1k,2
AGCGTGCCAGAAGTGC,pbmc_1k,2
AGCGTGCGTGCACTTA,pbmc_1k,6
AGCGTGCTCTATACCT,pbmc_1k,3
AGCTATGCACGCTAAT,pbmc_1k,1
AGCTATGCATTCACGA,pbmc_1k,1
AGCTGATAGAGGCAGG,pbmc_1k,4
AGCTGGCAGTGCCCTG,pbmc_1k,2
AGCTGGCTCGGATAAA,pbmc_1k,5
AGCTGTACATTAGCCA,pbmc_1k,5
AGCTGTATCAGTTGAC,pbmc_1k,3
AGGACGAGTCCGGTAC,pbmc_1k,1
AGGCCCACAATGTGCT,pbmc_1k,1
AGGCGAAAGAGTCCGA,pbmc_1k,2
AGGCGAAGTTTGCCCT,pbmc_1k,3
AGGCGTCCATTCACGA,pbmc_1k,3
AGGCGTCGTAGGGTCA,pbmc_1k,1
AGGCGTCTCGCCGAAC,pbmc_1k,1
AGTCAACAGACCGCAA,pbmc_1k,2
AGTCAACGTAGGTGAC,pbmc_1k,1
AGTCAACTCTTCGTTA,pbmc_1k,6
AGTCCGGAGAAATTCG,pbmc_1k,6
AGTGCCGGTTTGATCG,pbmc_1k,2
AGTGCGCAGCGCGTTC,pbmc_1k,3
AGTGCGCGTAAAGCTA,pbmc_1k,3
AGTGCGCGTCCGTAGC,pbmc_1k,3
AGTGCGCGTGCTTACA,pbmc_1k,1
AGTGTACGTCATAGCT,pbmc_1k,4
AGTTTGGGTATCTAGC,pbmc_1k,1
AGTTTGGGTGAGTAAT,pbmc_1k,5
ATAGTCGTCACATTCT,pbmc_1k,5
ATATTCCCAGGCAGAT,pbmc_1k,1
ATATTCCGTCCAAGTT,pbmc_1k,2
ATATTCCTCACTCGGG,pbmc_1k,1
ATCCAGATCGCGCTGA,pbmc_1k,2
ATCCTCGAGACAACGC,pbmc_1k,5
ATCCTCGAGGTACATA,pbmc_1k,6
ATCCTCGGTAGCATGG,pbmc_1k,3
ATCCTGCCAAGGAGGG,pbmc_1k,4
ATCCTGCCACAGGTAG,pbmc_1k,1
ATCCTGCCATAGTCCA,pbmc_1k,2
ATCCTGCTCGGAAAGC,pbmc_1k,1
ATCGAGTAGAATACTG,pbmc_1k,6
ATCGAGTGTGTGCTTA,pbmc_1k,1
ATCGAGTGTTAGGAGC,pbmc_1k,1
ATGCATGTCTGGACAT,pbmc_1k,4
ATGGATCCACTAGCCG,pbmc_1k,2
ATGGATCTCGTGGTAT,pbmc_1k,5
ATGTACGAGGTGTCGA,pbmc_1k,5
ATGTACGAGTCAGGAC,pbmc_1k,4
ATGTACGCAGTATACC,pbmc_1k,2
ATGTCGACACTCCCAT,pbmc_1k,1
ATGTCGAGTGGACTGA,pbmc_1k,1
ATGTCTTGTTGAATAG,pbmc_1k,1
ATGTTTCAGACTTCCA,pbmc_1k,2
ATGTTTCTCAGAGTGG,pbmc_1k,1
ATTACCTAGAATATCG,pbmc_1k,4
ATTACCTGTCAATACC,pbmc_1k,1
ATTCGTTGTTTCCACC,pbmc_1k,1
ATTGTGGTCGCTAGTA,pbmc_1k,3
ATTTGTCTCGATTACG,pbmc_1k,4
CAAAGCTGTCGAGGAT,pbmc_1k,1
CAAAGCTGTGAGTTGG,pbmc_1k,3
CAAAGCTTCCTTACGC,pbmc_1k,4
CAACCAATCCATTGTT,pbmc_1k,5
CAACGGCCAAGAGATT,pbmc_1k,1
CAACGGCGTGTCCTTC,pbmc_1k,2
CAAGAAAGTAGATGAT,pbmc_1k,6
CAAGAAATCACTGATG,pbmc_1k,6
CAAGAAATCTCTATCA,pbmc_1k,3
CAAGCTACACAATAAG,pbmc_1k,3
CAAGCTATCGTTACAG,pbmc_1k,1
CAAGGCCAGCGTTAGG,pbmc_1k,4
CAAGGCCGTATGTTCG,pbmc_1k,3
CAATCCCGTTTCTACT,pbmc_1k,4
CAATCCCTCCGGCGAT,pbmc_1k,1
CACAACAAGAAGCCTG,pbmc_1k,2
CACAACATCTTGTCGC,pbmc_1k,4
CACAGATAGACTTGAA,pbmc_1k,6
CACAGATAGTCTAGAA,pbmc_1k,3
CACAGATCATTACACG,pbmc_1k,2
CACAGATGTGAATACA,pbmc_1k,5
CACAGATTCTTCACTA,pbmc_1k,6
CACATGAAGAGCGAAA,pbmc_1k,4
CACATGAAGTTCGCGC,pbmc_1k,5
CACATGAGTAGCATGG,pbmc_1k,6
CACATGATCACCCGGA,pbmc_1k,2
CACCACTGTAGCAGCA,pbmc_1k,6
CACCTGTCACAGTTCA,pbmc_1k,2
CACCTGTGTCCAAGAG,pbmc_1k,2
CACCTGTGTTTCGACA,pbmc_1k,1
CACCTTGAGAAGCCTG,pbmc_1k,2
CACCTTGTCGATTACG,pbmc_1k,2
CACCTTGTCGCCTTAC,pbmc_1k,1
CACGTTCAGCCTGTAT,pbmc_1k,4
CACGTTCCAGGCTACC,pbmc_1k,1
CACGTTCTCGAACCGC,pbmc_1k,1
CACTAAGGTGTTGGTT,pbmc_1k,1
CACTGAACATTTAGGC,pbmc_1k,1
CACTGAAGTAACCCAT,pbmc_1k,6
CACTGAAGTTCTGATG,pbmc_1k,2
CACTGAAGTTGCAGCC,pbmc_1k,6
CAGCCTTCAAAGCTTC,pbmc_1k,1
CAGCCTTGTTGTATCG,pbmc_1k,4
CAGCTAAAGCTGAATA,pbmc_1k,2
CAGCTAAAGGTAGGAA,pbmc_1k,4
CAGCTAATCCGTACGG,pbmc_1k,2
CAGCTGGCAATTCTCT,pbmc_1k,1
CAGGATTGTGCCCGAT,pbmc_1k,1
CAGGATTGTGTGAGGT,pbmc_1k,2
CAGGGCTCAATTGCCA,pbmc_1k,2
CAGGGCTCAGGTGTGA,pbmc_1k,2
CAGGGCTCAGTAACTC,pbmc_1k,2
CAGGGCTGTTTGTAGC,pbmc_1k,2
CAGTATGCAGGTAGCA,pbmc_1k,2
CAGTGTAGTTTGGATC,pbmc_1k,2
CATGCCTAGTATACCC,pbmc_1k,1
CATGCCTCACCACGAC,pbmc_1k,6
CATGCCTGTTATCGAC,pbmc_1k,5
CATGCCTTCATGAACC,pbmc_1k,1
CATTCATAGTTCAACC,pbmc_1k,6
CATTCATTCAGTGTAC,pbmc_1k,4
CATTCATTCCTAAAGC,pbmc_1k,3
CATTCATTCGCCCTTA,pbmc_1k,1
CATTCCGCAAGTCTGT,pbmc_1k,1
CATTCCGGTAACTCCA,pbmc_1k,1
CATTCCGGTCAGGTGA,pbmc_1k,2
CATTCCGGTGCGCATC,pbmc_1k,5
CATTCCGTCCCATAGA,pbmc_1k,1
CATTGGAAGTTGGAAT,pbmc_1k,1
CATTGGATCGATGCAT,pbmc_1k,4
CCAATGAGTAACATAG,pbmc_1k,3
CCAATGATCTCCCTTT,pbmc_1k,3
CCACAGGGTGACGCAA,pbmc_1k,2
CCACGTTAGGTGATGC,pbmc_1k,4
CCACGTTCATCCCGGA,pbmc_1k,1
CCACGTTGTCTCTAAG,pbmc_1k,1
CCACGTTTCTTCCAGC,pbmc_1k,1
CCACGTTTCTTCTTCC,pbmc_1k,2
CCAGAATCATAGATAG,pbmc_1k,6
CCAGAATGTCAGGTGA,pbmc_1k,4
CCAGAATTCTATCTAC,pbmc_1k,3
CCAGATATCATCGCAA,pbmc_1k,1
CCAGATATCCCGTATC,pbmc_1k,5
CCAGATATCTGTAGAC,pbmc_1k,5
CCATACCAGAACGTTA,pbmc_1k,3
CCATACCGTGAATCAA,pbmc_1k,6
CCATACCGTTTGTACG,pbmc_1k,1
CCATACCTCGGGTCCA,pbmc_1k,3
CCATACCTCTGCGTCT,pbmc_1k,3
CCCACATAGACAGTGC,pbmc_1k,6
CCCACATAGGATGTCG,pbmc_1k,4
CCCACATCACACGGTC,pbmc_1k,1
CCCAGAGCAAAGAAGG,pbmc_1k,1
CCCAGAGCACTGAAGG,pbmc_1k,1
CCCAGAGTCCATCGAA,pbmc_1k,1
CCCGTTAGTATGGATA,pbmc_1k,2
CCCGTTAGTGTGAGGT,pbmc_1k,3
CCCTAACAGAGCTGTG,pbmc_1k,6
CCCTAGTAGTTCAAGA,pbmc_1k,4
CCCTAGTCAAGTTGCT,pbmc_1k,1
CCCTAGTCAATGTGTC,pbmc_1k,2
CCCTAGTCATAGCAGG,pbmc_1k,1
CCCTCTCAGGAGACTC,pbmc_1k,1
CCCTCTCGTAAGTGCG,pbmc_1k,5
CCGAAGCGTCAACGGA,pbmc_1k,2
CCGCATTAGAACGTTA,pbmc_1k,1
CCGTACTCAATGCCAT,pbmc_1k,5
CCGTACTCACACACCG,pbmc_1k,2
CCGTACTCATTGCACA,pbmc_1k,1
CCGTAGGGTCAGGCTC,pbmc_1k,3
CCGTAGGTCGGTCTCT,pbmc_1k,1
CCGTGAGCAAGCCTTA,pbmc_1k,1
CCGTGAGCATGCGACC,pbmc_1k,4
CCTAAAGCACAGATGG,pbmc_1k,1
CCTAAAGTCCATAGGT,pbmc_1k,6
CCTATTATCGGTCGAC,pbmc_1k,6
CCTCCCTTCCCAGCGA,pbmc_1k,2
CCTGCTAAGTAATGTG,pbmc_1k,1
CCTGCTAAGTCAACTC,pbmc_1k,1
CCTGCTACACAACGGA,pbmc_1k,4
CCTGGGAGTTTGTACG,pbmc_1k,1
CCTTAATCAGCAAACG,pbmc_1k,1
CCTTAATTCAGCCGGT,pbmc_1k,6
CCTTAATTCCTTGACC,pbmc_1k,2
CCTTGGTAGCTAGTTC,pbmc_1k,2
CCTTGGTCAGGAGCAT,pbmc_1k,4
CCTTGGTCATCACAAC,pbmc_1k,4
CCTTGGTGTACTTGAC,pbmc_1k,4
CCTTGGTTCTTAACGG,pbmc_1k,3
CGAGTTAAGGCACCTC,pbmc_1k,2
CGAGTTATCAATTGGC,pbmc_1k,1
CGATGATAGTCTGGGA,pbmc_1k,1
CGATGATCATGGTTTG,pbmc_1k,1
CGATGATTCACACGTA,pbmc_1k,3
CGCAATAAGCGAGAAA,pbmc_1k,1
CGCAATAGTAGTCTGT,pbmc_1k,4
CGCAATAGTATCACAC,pbmc_1k,2
CGCACAGGTACCCATA,pbmc_1k,1
CGCAGGTGTATTCGAC,pbmc_1k,1
CGCAGGTGTTCCCAAA,pbmc_1k,3
CGCAGGTTCAATGCAC,pbmc_1k,1
CGCAGGTTCAGGCGCT,pbmc_1k,5
CGCGCAACAAGCGGTA,pbmc_1k,2
CGCGCAAGTGGTAGAC,pbmc_1k,2
CGCTAGGCAAAGCTTC,pbmc_1k,1
CGCTAGGTCTTCCGTG,pbmc_1k,6
CGCTATCCAGGACCTC,pbmc_1k,1
CGCTATCTCAAGTTGC,pbmc_1k,1
CGCTGGAAGGCTGGAT,pbmc_1k,3
CGCTGGAGTGAGGGTT,pbmc_1k,2
CGCTGGAGTGCTGAAG,pbmc_1k,5
CGCTGGAGTTTGAAGA,pbmc_1k,1
CGGACCATCCAACGCG,pbmc_1k,1
CGGACCATCGCACCTT,pbmc_1k,1
CGGACTGCAATAGCGG,pbmc_1k,1
CGGACTGCATGGTTTG,pbmc_1k,1
CGGTGCAAGACCAATA,pbmc_1k,2
CGGTGCAAGGGCTCTC,pbmc_1k,2
CGGTGCACAAGGAACC,pbmc_1k,4
CGGTGCAGTGCTGTGC,pbmc_1k,1
CGTAAACCATTATGGC,pbmc_1k,1
CGTAAACTCAGTGGTT,pbmc_1k,1
CGTACAAGTGTGCGTC,pbmc_1k,2
CGTACAATCATTCTCA,pbmc_1k,6
CGTGGCAAGTTGCTTG,pbmc_1k,1
CGTTCCATCCCATAGA,pbmc_1k,4
CTAACTTAGATCTCAC,pbmc_1k,2
CTAACTTCAAGTTCGT,pbmc_1k,4
CTAACTTCAGTAGTTC,pbmc_1k,2
CTACAGAAGCCTATAC,pbmc_1k,1
CTACAGAAGTGGACGT,pbmc_1k,6
CTACTTACATTTGGCA,pbmc_1k,2
CTAGCGGCACTGTCAA,pbmc_1k,1
CTAGCGGGTTTCCGGG,pbmc_1k,1
CTAGCGGTCCGAATTG,pbmc_1k,3
CTAGGATGTATTCTCT,pbmc_1k,1
CTAGGGCCAAGTCTGT,pbmc_1k,1
CTAGGGCGTAGTGATA,pbmc_1k,5
CTCAACCTCCGGAAAG,pbmc_1k,1
CTCACCAAGAAGCCGT,pbmc_1k,1
CTCACCAAGGGTATCG,pbmc_1k,6
CTCACCATCAGAGTGG,pbmc_1k,5
CTCAGCTCACACGGTC,pbmc_1k,6
CTCAGCTGTTCCAGTA,pbmc_1k,5
CTCATGCGTAGCGGTA,pbmc_1k,2
CTCCCAAAGTCACACT,pbmc_1k,3
CTCCCAAGTTCTTTCA,pbmc_1k,1
CTCGCTAAGATTCCGT,pbmc_1k,2
CTCGCTAGTGCGCATC,pbmc_1k,4
CTCGCTAGTTTGATCG,pbmc_1k,2
CTCTACGAGGTCTTTG,pbmc_1k,2
CTCTACGGTGTTGGTT,pbmc_1k,4
CTCTAGCAGGGCTTCC,pbmc_1k,1
CTCTAGCTCCAATCCC,pbmc_1k,5
CTCTCAGCAATCACTG,pbmc_1k,1
CTCTCAGGTCCACCAG,pbmc_1k,6
CTCTCGATCAACGTGT,pbmc_1k,1
CTGCGTTTCTATTTCG,pbmc_1k,4
CTGCTCAAGCGATACG,pbmc_1k,6
CTGCTCACAGAACTTC,pbmc_1k,3
CTGCTCAGTGTGAGGT,pbmc_1k,1
CTGGCAGTCCTTTGCG,pbmc_1k,6
CTGGGACAGGCGTAGT,pbmc_1k,2
CTGGGACGTGTCGTCG,pbmc_1k,1
CTGTATTAGACGCCCT,pbmc_1k,1
CTGTATTTCGACTTAG,pbmc_1k,1
CTGTTCGAGTTCGACT,pbmc_1k,4
CTGTTCGCAAATAGTG,pbmc_1k,1
CTTAATCTCGCGTGAC,pbmc_1k,1
CTTAATCTCTTCAGAG,pbmc_1k,1
CTTCCAGAGTGAAGGA,pbmc_1k,1
CTTCTAAAGATCGATA,pbmc_1k,6
CTTCTAAGTCGATTAC,pbmc_1k,3
CTTCTAAGTTCCAATG,pbmc_1k,6
CTTCTAATCATTCTTG,pbmc_1k,2
CTTGAAGAGCTCCATA,pbmc_1k,2
CTTGAAGGTACGAGAC,pbmc_1k,1
CTTGAAGGTCCAAGAG,pbmc_1k,1
CTTGCCAAGTGATTAG,pbmc_1k,1
CTTGCCACACAGAAGC,pbmc_1k,5
CTTGCTGTCCCTACCA,pbmc_1k,1
CTTGTCGAGCCGCTGT,pbmc_1k,5
CTTGTCGAGTTACACC,pbmc_1k,2
CTTTGCGAGTGATTAG,pbmc_1k,5
CTTTGCGCATACCCGG,pbmc_1k,6
CTTTGCGGTAATGCCT,pbmc_1k,1
CTTTGCGGTAGATTAG,pbmc_1k,1
CTTTGCGTCCAGTTAG,pbmc_1k,2
GAAACAAGTCTTAGCA,pbmc_1k,1
GAAACAATCGCTCTAC,pbmc_1k,3
GAAAGTACAACGCACC,pbmc_1k,4
GAAAGTAGTATTCTGG,pbmc_1k,1
GAAATGACAACTACTG,pbmc_1k,1
GAAATGACAAGTCCTA,pbmc_1k,1
GAACCGCAGACACAAT,pbmc_1k,3
GAACCGCAGGTGTCGA,pbmc_1k,6
GAACCTAAGAGCAGCT,pbmc_1k,3
GAACCTAGTGCACCCA,pbmc_1k,3
GAACGTTCAGATTTGC,pbmc_1k,1
GAACTTGGTAACTCCA,pbmc_1k,5
GAAGAGCCACGCTAAT,pbmc_1k,2
GAAGAGCGTATGGGTG,pbmc_1k,2
GAAGAGCGTATTGTCG,pbmc_1k,1
GAAGAGCGTGTCCCAG,pbmc_1k,1
GAAGTCTTCGGTGATT,pbmc_1k,4
GAAGTCTTCTACCCGT,pbmc_1k,5
GAAGTGGAGCTAACAA,pbmc_1k,1
GAAGTGGAGGTCTTGT,pbmc_1k,2
GAAGTGGCAATGGCAG,pbmc_1k,1
GAAGTGGCAATTGCCA,pbmc_1k,1
GAAGTGGGTAACATAG,pbmc_1k,1
GAAGTGGTCCCAGCAG,pbmc_1k,2
GAATCTGAGACGCCAA,pbmc_1k,3
GAATCTGAGTAGGAAG,pbmc_1k,6
GAATCTGAGTTCAACC,pbmc_1k,3
GAATCTGCACAAGGGT,pbmc_1k,4
GAATCTGTCGGAAAGC,pbmc_1k,3
GACCAATGTGCCCTAG,pbmc_1k,1
GACCAATTCCACGGCA,pbmc_1k,5
GACCAATTCGCTAGTA,pbmc_1k,5
GACCAATTCTTTATCG,pbmc_1k,1
GACCCAGGTTAGAGAT,pbmc_1k,1
GACCGACAGGTGTCGA,pbmc_1k,2
GACCGACCAACTAGAA,pbmc_1k,1
GACCTTCAGTCACACT,pbmc_1k,4
GACCTTCCATTACTCT,pbmc_1k,5
GACCTTCTCACTAGGT,pbmc_1k,5
GACCTTCTCACTTACT,pbmc_1k,1
GACCTTCTCGACCCGA,pbmc_1k,2
GACTAACAGCTCGTTA,pbmc_1k,2
GACTAACGTAGATGAT,pbmc_1k,4
GACTAACGTGGCATAG,pbmc_1k,1
GACTAGTGTAACCCAT,pbmc_1k,4
GACTAGTTCTATCCTA,pbmc_1k,4
GAGAACGGTGTCTACA,pbmc_1k,4
GAGACTTCATCCTCGT,pbmc_1k,5
GAGACTTTCCGTACGG,pbmc_1k,3
GAGACTTTCTAAGGTC,pbmc_1k,2
GAGATTCAGCAGGACT,pbmc_1k,1
GAGATTCTCGAGAACG,pbmc_1k,1
GAGCATTAGTGCTGAG,pbmc_1k,1
GAGCATTGTTTGGATC,pbmc_1k,5
GAGGATGGTTAGGAAT,pbmc_1k,1
GAGGATGTCAAGGCCC,pbmc_1k,3
GAGGCTCCAGTAACTC,pbmc_1k,1
GAGGCTCCATCCCGGA,pbmc_1k,5
GAGGCTCGTATCTCAG,pbmc_1k,6
GAGGCTCTCACTCGTC,pbmc_1k,2
GAGGCTCTCACTTACT,pbmc_1k,6
GAGGCTCTCATAGGTC,pbmc_1k,1
GAGGTCCGTACCCATA,pbmc_1k,4
GAGGTCCTCTCCACTG,pbmc_1k,2
GAGTGAGCAGGTCCTG,pbmc_1k,2
GAGTGAGTCTGAACGT,pbmc_1k,2
GATCATGAGACTAATG,pbmc_1k,5
GATCATGCATCCTGGG,pbmc_1k,5
GATCATGTCAAATGGA,pbmc_1k,4
GATCATGTCAGGTCTA,pbmc_1k,6
GATCGTAGTTAGTAGA,pbmc_1k,5
GATGATCCACGAACGA,pbmc_1k,5
GATGATCTCGTCTTAT,pbmc_1k,1
GATGGCCTCTCGTGAA,pbmc_1k,5
GATTAGCAGATGGGAA,pbmc_1k,6
GATTAGCGTTTCCTAT,pbmc_1k,1
GATTGACTCGTTACAG,pbmc_1k,1
GATTGACTCTCCAACC,pbmc_1k,6
GCAAAGGGTCCGCTTT,pbmc_1k,1
GCAACCGAGAACTAAC,pbmc_1k,5
GCAACCGAGTCGTGAG,pbmc_1k,1
GCACCTTAGGGTCCCT,pbmc_1k,1
GCACCTTCAAGCAATA,pbmc_1k,2
GCACCTTGTCCTATTT,pbmc_1k,2
GCACCTTTCTATCCTA,pbmc_1k,2
GCACGCAGTAGGGTCA,pbmc_1k,2
GCACGCAGTTTCCACC,pbmc_1k,1
GCACGCATCACTGATG,pbmc_1k,3
GCACGGTCAGACTAAA,pbmc_1k,1
GCACGGTGTGTGAGGT,pbmc_1k,2
GCAGATTCAAGCAATA,pbmc_1k,1
GCAGCCAAGCGGACTA,pbmc_1k,5
GCAGCTGAGAAGACTT,pbmc_1k,4
GCAGCTGGTGGGTAGT,pbmc_1k,2
GCAGCTGGTTGAAGCG,pbmc_1k,1
GCATGATTCCAGGTCG,pbmc_1k,3
GCATTCCCAAGGGTAC,pbmc_1k,2
GCATTCCCATTGCGAT,pbmc_1k,4
GCATTCCGTCAGACGA,pbmc_1k,1
GCATTGACAAACGTTC,pbmc_1k,6
GCATTGATCGGGTCCA,pbmc_1k,2
GCCAGACGTGCCGGTT,pbmc_1k,1
GCCAGCAGTCTGCGCA,pbmc_1k,1
GCCATAAGTGATGTGG,pbmc_1k,1
GCCATAAGTGTGTGTT,pbmc_1k,5
GCCATAATCAGGCGCT,pbmc_1k,1
GCCCAGATCAAATGGA,pbmc_1k,5
GCCCAGATCACTCCCA,pbmc_1k,4
GCCCGAAAGCTAACAA,pbmc_1k,3
GCCCGAAGTTGAAGCG,pbmc_1k,5
GCCTACTCACTGTCGG,pbmc_1k,3
GCCTAGGTCCAGTACA,pbmc_1k,6
GCGAGAAAGATATGTG,pbmc_1k,1
GCGAGAAAGGCAGTGT,pbmc_1k,1
GCGAGAAAGTCCGTGC,pbmc_1k,1
GCGAGAAAGTGTCGGA,pbmc_1k,3
GCGAGAATCTCCTTGG,pbmc_1k,3
GCGAGTCCAAGAAACT,pbmc_1k,1
GCGAGTCGTCATAAGA,pbmc_1k,1
GCGATCGGTAACCCAT,pbmc_1k,2
GCGATCGTCTAGCAAC,pbmc_1k,3
GCGATTAAGGTAAGCC,pbmc_1k,1
GCGATTACAATAGTGA,pbmc_1k,3
GCGATTATCCCGGGTA,pbmc_1k,5
GCGCATGAGCTCGTTA,pbmc_1k,1
GCGCATGCAGGGCTTC,pbmc_1k,4
GCGCATGGTTAAGTCC,pbmc_1k,2
GCGCCAATCGATGAAA,pbmc_1k,2
GCGGAAAAGAAAGCAG,pbmc_1k,5
GCGGAAACAATGAAAC,pbmc_1k,1
GCGGAAATCGACTATG,pbmc_1k,4
GCGGGTTAGGGTGTTG,pbmc_1k,5
GCGGGTTTCCAGGTCG,pbmc_1k,4
GCGGTGTCACTCGCAG,pbmc_1k,5
GCGTAGCGTCTGAGCC,pbmc_1k,5
GCGTTGGAGGTGTCGA,pbmc_1k,1
GCGTTGGGTCAATACC,pbmc_1k,1
GCTCACTCAAGGTCGA,pbmc_1k,1
GCTCACTCATGATCGT,pbmc_1k,1
GCTCACTGTATTCGAC,pbmc_1k,2
GCTCACTGTCAACGGA,pbmc_1k,2
GCTCACTTCTGAACGT,pbmc_1k,1
GCTCAGGAGTATAGTG,pbmc_1k,1
GCTCAGGAGTGTCGCC,pbmc_1k,1
GCTCAGGCAGGTAGGT,pbmc_1k,2
GCTCAGGTCGCTGATA,pbmc_1k,2
GCTCGAGTCGGAAAGC,pbmc_1k,2
GCTGCGACATCATAGC,pbmc_1k,6
GCTGCGATCCTCAAGA,pbmc_1k,4
GCTGTTCAGTCCAGAG,pbmc_1k,2
GCTGTTCCACACACAT,pbmc_1k,5
GCTGTTCTCCCACGGA,pbmc_1k,1
GCTTAAGAGAGACTCG,pbmc_1k,1
GCTTAAGGTAGCTGTT,pbmc_1k,2
GCTTGCTGTAAGTCTC,pbmc_1k,2
GCTTGCTGTTTGTAGC,pbmc_1k,1
GCTTGCTTCTATCCTA,pbmc_1k,3
GCTTTCGAGGCGTAGT,pbmc_1k,6
GCTTTCGAGTGCAACG,pbmc_1k,5
GCTTTCGGTTAGGAAT,pbmc_1k,6
GGAACCCAGAGAGGTA,pbmc_1k,4
GGAACCCGTCCCTTTG,pbmc_1k,1
GGAACCCTCTATCTAC,pbmc_1k,3
GGAACTTAGCTGAAAT,pbmc_1k,1
GGAACTTTCACAACAC,pbmc_1k,1
GGAATCTCAAGCAATA,pbmc_1k,6
GGAGAACAGATCGATA,pbmc_1k,6
GGAGAACCAAGCTTTG,pbmc_1k,2
GGAGGATGTTCCAATG,pbmc_1k,1
GGAGGATTCCATGTTT,pbmc_1k,3
GGAGGATTCCCAGTAA,pbmc_1k,1
GGAGTAGCATTAACGC,pbmc_1k,5
GGATAGGCACGGTGTC,pbmc_1k,2
GGATAGGGTAAGTCTC,pbmc_1k,2
GGATAGGTCACTCGGG,pbmc_1k,4
GGATGAGAGGCTTTAC,pbmc_1k,6
GGCACGTGTCAATCCA,pbmc_1k,5
GGCACGTTCAGTGTAC,pbmc_1k,2
GGCATTAAGTCGTACT,pbmc_1k,1
GGCATTACACCACAGC,pbmc_1k,4
GGCATTATCCACGGCA,pbmc_1k,5
GGCATTATCTATTGTC,pbmc_1k,1
GGCGAAATCACAGGGA,pbmc_1k,1
GGCGAAATCTGTTGCC,pbmc_1k,4
GGGACCTAGTCAGCCC,pbmc_1k,3
GGGACCTGTTTGTGAC,pbmc_1k,5
GGGACCTTCGGATCGC,pbmc_1k,2
GGGCCATAGGAGTCTG,pbmc_1k,1
GGGCCATTCGGATCGC,pbmc_1k,1
GGGTCTGCATTCTTTG,pbmc_1k,3
GGGTTATAGTTAGCGG,pbmc_1k,6
GGGTTATCAACAACTC,pbmc_1k,3
GGGTTATCATTACTTC,pbmc_1k,5
GGGTTATGTCCTATTT,pbmc_1k,3
GGGTTATTCTAGCAAC,pbmc_1k,1
GGTACCGAGTCAACTC,pbmc_1k,5
GGTACCGAGTGTAATG,pbmc_1k,3
GGTACCGCATCCCAAA,pbmc_1k,1
GGTACCGGTATACGCT,pbmc_1k,2
GGTACCGGTTGGAGGT,pbmc_1k,2
GGTAGGACAAGTCTCA,pbmc_1k,1
GGTAGGACATTACACG,pbmc_1k,5
GGTAGGATCTTGGCCT,pbmc_1k,1
GGTCATAAGAACGTCG,pbmc_1k,1
GGTCATAAGTGGACGT,pbmc_1k,1
GGTCATATCCAGAATC,pbmc_1k,1
GGTGAAGTCAAAGTAG,pbmc_1k,2
GGTGAAGTCGGAGTTT,pbmc_1k,2
GGTGAAGTCTGTGTGA,pbmc_1k,1
GGTGCTGAGGCAAGGG,pbmc_1k,4
GGTGCTGAGGCTAAAT,pbmc_1k,4
GGTGCTGGTCGTAGTT,pbmc_1k,3
GGTGCTGTCAAACCAC,pbmc_1k,1
GGTGCTGTCGCTATTT,pbmc_1k,1
GGTGTCGAGAGCAGCT,pbmc_1k,1
GGTGTCGAGAGTCCGA,pbmc_1k,6
GGTGTCGAGGCTTAAA,pbmc_1k,1
GTACTTTGTGACCAGA,pbmc_1k,4
GTAGACTGTTGGGAAC,pbmc_1k,1
GTAGACTGTTTGCCCT,pbmc_1k,5
GTAGACTTCCCGGGTA,pbmc_1k,2
GTAGGAGTCTACTTTG,pbmc_1k,2
GTAGGAGTCTCTTCCT,pbmc_1k,3
GTAGTACAGATGCGAC,pbmc_1k,1
GTAGTACCACCACGAC,pbmc_1k,1
GTAGTACGTAGGGTCA,pbmc_1k,1
GTAGTACTCTCGACCT,pbmc_1k,5
GTCACAAAGCATGTGG,pbmc_1k,5
GTCACAAAGTTGCTTG,pbmc_1k,2
GTCACAATCTTCATAC,pbmc_1k,3
GTCACCTAGGTTCGTT,pbmc_1k,1
GTCACCTCAGTAAGAT,pbmc_1k,1
GTCACCTGTATGTTCG,pbmc_1k,5
GTCACGGAGTTACACC,pbmc_1k,6
GTCACGGGTCTAAGAA,pbmc_1k,1
GTCACGGGTGGAAGCT,pbmc_1k,6
GTCACTCAGCGATACG,pbmc_1k,1
GTCACTCGTCCCTTTG,pbmc_1k,5
GTCTACCGTGTCCTTC,pbmc_1k,5
GTCTACCTCAGTCAAC,pbmc_1k,6
GTGACATCAGTCAGCC,pbmc_1k,1
GTGACATGTGATTCCA,pbmc_1k,1
GTGATCAAGATTACGA,pbmc_1k,1
GTGATCAAGGGAAGCG,pbmc_1k,2
GTGATCAAGGTACATA,pbmc_1k,1
GTGATCACAGAAAGAG,pbmc_1k,2
GTGATCATCTACTTTG,pbmc_1k,1
GTGCACGTCGAACCGC,pbmc_1k,5
GTGCCAGGTCAACAGG,pbmc_1k,2
GTGCTGGCACTTACAG,pbmc_1k,4
GTGGATTGTAGAAGCC,pbmc_1k,2
GTGGATTGTCAGAAGC,pbmc_1k,3
GTGGCGTTCAGGCGCT,pbmc_1k,4
GTGGCGTTCTGTCGTC,pbmc_1k,4
GTGTCAAGTGGTACTT,pbmc_1k,6
GTGTCCTGTCAGGCTC,pbmc_1k,4
GTGTGATAGATCTAAG,pbmc_1k,1
GTGTGATCAAACCTAC,pbmc_1k,1
GTGTGATTCCTGTAGA,pbmc_1k,1
GTGTGATTCTTCATAC,pbmc_1k,1
GTTACGACATAGGCGA,pbmc_1k,4
GTTACGATCTCTGTTA,pbmc_1k,1
GTTACTTAGTAACATG,pbmc_1k,1
GTTACTTCATAGGCGA,pbmc_1k,5
GTTACTTTCTGTGTGA,pbmc_1k,3
GTTATGGTCCTGGGAC,pbmc_1k,4
GTTATGGTCTCGTAGA,pbmc_1k,3
GTTATTCCAAAGGTCG,pbmc_1k,1
GTTATTCGTGTCCTTC,pbmc_1k,5
GTTCAAGAGCATACCT,pbmc_1k,1
GTTCAAGTCCAATAGC,pbmc_1k,1
GTTCAAGTCCTATCAT,pbmc_1k,1
GTTGGGCCAGGCATTT,pbmc_1k,1
GTTGGGCTCAGCCGAC,pbmc_1k,2
GTTGGTACACACTAGT,pbmc_1k,1
GTTGGTACACTTTGGA,pbmc_1k,6
GTTGGTAGTTTCCACC,pbmc_1k,3
GTTGGTATCTGCTACC,pbmc_1k,4
TAAACCGGTTGGCTAT,pbmc_1k,1
TAACTTCAGGTTCGTT,pbmc_1k,4
TAACTTCCAGGACTGA,pbmc_1k,1
TAACTTCGTCTAAAGA,pbmc_1k,6
TAAGCCACACGATATC,pbmc_1k,2
TAAGTGCAGCGTATCT,pbmc_1k,1
TAAGTGCAGCTAACAA,pbmc_1k,1
TAAGTGCAGTCGCCTG,pbmc_1k,1
TAAGTGCCACTCGTGG,pbmc_1k,1
TAAGTGCGTTCCCGGA,pbmc_1k,4
TAATTCCGTTAGTAGA,pbmc_1k,2
TAATTCCTCAATCGTG,pbmc_1k,3
TACAGCACACGCGTTG,pbmc_1k,1
TACATGGAGTCACACT,pbmc_1k,2
TACATTCTCACTAGGT,pbmc_1k,6
TACCCTGCAAGCCAGA,pbmc_1k,1
TACCTATGTATCTGCA,pbmc_1k,6
TACCTATGTTTCTCTA,pbmc_1k,3
TACCTCGAGAGCTCCC,pbmc_1k,4
TACCTCGCACTAGGAG,pbmc_1k,3
TACCTCGTCGATGTAC,pbmc_1k,5
TACCTCGTCTACCCGT,pbmc_1k,1
TACGCAAGTTAAGGGC,pbmc_1k,1
TACGCAATCAGTGTGT,pbmc_1k,5
TACGGATCACATCATG,pbmc_1k,6
TACGGATCAGGCATTT,pbmc_1k,1
TACGGATGTAAACGGC,pbmc_1k,2
TACGGATGTGCACATT,pbmc_1k,5
TACTAGGCAGAATGCG,pbmc_1k,1
TACTAGGCATTATGGC,pbmc_1k,1
TACTCGCCAATTGCCA,pbmc_1k,6
TACTCGCGTGAATCAA,pbmc_1k,3
TACTCGCTCTTCCGTG,pbmc_1k,5
TACTGCCAGAGGTCCA,pbmc_1k,2
TACTGCCTCGACTGGC,pbmc_1k,6
TAGCACAGTCCGTAGC,pbmc_1k,1
TAGCATGAGAGACTCG,pbmc_1k,1
TAGCATGAGGAATGGA,pbmc_1k,1
TAGCATGTCTGCGTCT,pbmc_1k,3
TAGCGGCTCTCTGTTA,pbmc_1k,2
TAGCTTTAGATCGAGC,pbmc_1k,2
TAGCTTTCACCTGGTG,pbmc_1k,2
TAGCTTTGTAGATTAG,pbmc_1k,1
TAGCTTTTCGGATGTT,pbmc_1k,6
TAGGAGGGTAGGTCTT,pbmc_1k,5
TAGGAGGTCGTGCTGG,pbmc_1k,1
TAGGTCATCCCAGCAG,pbmc_1k,6
TAGTCCCAGAGTAAGG,pbmc_1k,1
TAGTCCCGTGTCGTCG,pbmc_1k,5
TAGTCCCGTTCCTATT,pbmc_1k,1
TAGTCCCTCTCGACAA,pbmc_1k,1
TAGTCCCTCTTAAGCG,pbmc_1k,3
TATCGAGAGATGGCAC,pbmc_1k,1
TATCGAGCATCACAGT,pbmc_1k,3
TATCTGTCACCGATCG,pbmc_1k,6
TATCTGTTCTGTGTGA,pbmc_1k,5
TATGTGGCAAGCCCTG,pbmc_1k,1
TATGTTCAGTAGTGTA,pbmc_1k,2
TATGTTCTCGCTCTAC,pbmc_1k,2
TATTGCTCATTCACGA,pbmc_1k,1
TATTGCTCATTGATGC,pbmc_1k,2
TATTGCTGTTTCACCC,pbmc_1k,3
TCAAAGCCACGCTAAT,pbmc_1k,4
TCAAAGCCATCGCTAA,pbmc_1k,6
TCAAGACGTCAGCTTA,pbmc_1k,2
TCAAGCAAGACTAGCG,pbmc_1k,6
TCAAGCACAGTTCGGC,pbmc_1k,3
TCAAGCATCGGATGTT,pbmc_1k,2
TCAAGGTAGCAACTGG,pbmc_1k,4
TCAAGGTAGGACCGAT,pbmc_1k,4
TCAAGGTCACAAGGGT,pbmc_1k,1
TCAATTCCATCGACGC,pbmc_1k,1
TCAATTCGTACATGGG,pbmc_1k,3
TCAATTCGTTCTTATC,pbmc_1k,6
TCACAAGGTAAGGTCG,pbmc_1k,6
TCACAAGTCGGATCGC,pbmc_1k,1
TCACAGAGTACGAGAC,pbmc_1k,6
TCACCACGTACTTGAC,pbmc_1k,2
TCACCACGTTAGCTCA,pbmc_1k,5
TCACCTGAGATACCAA,pbmc_1k,2
TCACCTGAGCGTATCT,pbmc_1k,3
TCACCTGGTAAGCCTT,pbmc_1k,1
TCACTCGAGGCCAGTA,pbmc_1k,2
TCACTCGCACCACGAC,pbmc_1k,5
TCACTCGCAGAACTTC,pbmc_1k,2
TCAGCTCAGCATTCCA,pbmc_1k,3
TCAGCTCCACGCGATC,pbmc_1k,2
TCAGGGCAGAGCACTG,pbmc_1k,1
TCAGGGCGTATTCTTC,pbmc_1k,1
TCAGGTACACAGCCAC,pbmc_1k,1
TCAGTCCAGCAATAAC,pbmc_1k,6
TCAGTCCGTAATGTGA,pbmc_1k,1
TCAGTCCGTCCGGTAC,pbmc_1k,5
TCAGTCCGTCCTTATT,pbmc_1k,4
TCAGTTTTCATACTTC,pbmc_1k,2
TCAGTTTTCGCTACCT,pbmc_1k,1
TCCAGAACACTTACAG,pbmc_1k,3
TCCATCGCACGTTACA,pbmc_1k,2
TCCATCGGTGGTCGAA,pbmc_1k,1
TCCGACTAGTCTCGAT,pbmc_1k,4
TCCGACTGTATTGTCG,pbmc_1k,1
TCGAGCGCAATGACTC,pbmc_1k,1
TCGATTTGTACTTCAG,pbmc_1k,1
TCGATTTGTCTGCGCA,pbmc_1k,6
TCGATTTTCCATACCC,pbmc_1k,3
TCGCAGGTCTTTATCG,pbmc_1k,1
TCGCCTACAAGCCTTA,pbmc_1k,2
TCGCCTACAGGATGTG,pbmc_1k,4
TCGCCTAGTTACCCAA,pbmc_1k,5
TCGGGACAGCAGGACT,pbmc_1k,4
TCGGGACAGGACCGAT,pbmc_1k,3
TCGGGACGTATGCTAC,pbmc_1k,5
TCGGGACGTCTGGATT,pbmc_1k,2
TCGTTCGAGCTGCCAC,pbmc_1k,1
TCTAGTTCACGCGTTG,pbmc_1k,1
TCTAGTTGTGAAACAT,pbmc_1k,6
TCTAGTTTCTTACCTA,pbmc_1k,6
TCTATTGCAAAGCTGG,pbmc_1k,1
TCTATTGTCGCAAGCC,pbmc_1k,4
TCTCAGCAGATCGAGC,pbmc_1k,1
TCTCAGCTCAAGAGAT,pbmc_1k,5
TCTCTGGGTCAACTGT,pbmc_1k,3
TCTCTGGTCGTTGTTT,pbmc_1k,1
TGACAACAGCACACCC,pbmc_1k,4
TGACAACGTGGACGAT,pbmc_1k,3
TGACTCCAGACCTATC,pbmc_1k,6
TGACTCCCATAGACGG,pbmc_1k,6
TGAGCCGCAAGCAACG,pbmc_1k,5
TGAGCCGCATCATAGC,pbmc_1k,2
TGAGCCGGTAATGCAA,pbmc_1k,1
TGAGTCAAGTTGACAA,pbmc_1k,2
TGAGTCATCGACTATG,pbmc_1k,1
TGATCAGGTAACCCAT,pbmc_1k,5
TGATCAGTCACTACCC,pbmc_1k,1
TGATGCATCCCTACGT,pbmc_1k,3
TGATTTCAGAATCAGT,pbmc_1k,2
TGATTTCAGTCGCGTC,pbmc_1k,1
TGCACCTAGGGTCCCT,pbmc_1k,1
TGCACCTCAAGCAGGT,pbmc_1k,5
TGCACCTCATGTGAGG,pbmc_1k,3
TGCACCTGTTAGGAAT,pbmc_1k,1
TGCACCTTCGAGGTAG,pbmc_1k,1
TGCATGAAGAGCGAAA,pbmc_1k,1
TGCATGAAGATCGCCC,pbmc_1k,2
TGCATGAAGGGTAATT,pbmc_1k,1
TGCATGACAGAACTTC,pbmc_1k,1
TGCATGATCGCTAGTA,pbmc_1k,6
TGCATGATCGTGCTGG,pbmc_1k,1
TGCATGATCTTTATCG,pbmc_1k,2
TGCATTTAGGTCGGTA,pbmc_1k,3
TGCATTTTCGCCACTT,pbmc_1k,6
TGCCTCACACCACCAG,pbmc_1k,1
TGCCTCAGTGCATTGT,pbmc_1k,6
TGCCTCATCCTGGAAT,pbmc_1k,6
TGCCTGTGTCAACTAC,pbmc_1k,1
TGCTATTAGCGTCAAG,pbmc_1k,5
TGCTATTAGCTCGTTA,pbmc_1k,1
TGCTATTCATGTGAGG,pbmc_1k,1
TGCTATTGTAACGTAA,pbmc_1k,6
TGCTCACCAAGGAAGA,pbmc_1k,3
TGCTCACCACCACGAC,pbmc_1k,5
TGCTCACGTCAACGGA,pbmc_1k,1
TGCTCGTCACTGATAC,pbmc_1k,2
TGCTCGTGTACCCATA,pbmc_1k,5
TGCTTTAAGAGTCCGA,pbmc_1k,3
TGCTTTAAGTAACACA,pbmc_1k,4
TGCTTTAGTTGGCGAA,pbmc_1k,2
TGGAAGGGTGTGTGTT,pbmc_1k,4
TGGAAGGGTTTGACCA,pbmc_1k,1
TGGAAGGTCGCTGATA,pbmc_1k,1
TGGACATCACGCTGTG,pbmc_1k,3
TGGACATCACTACACA,pbmc_1k,1
TGGACATGTGGACAGT,pbmc_1k,3
TGGACATTCAGCCGGT,pbmc_1k,1
TGGCAATCAAGCGGTA,pbmc_1k,6
TGGCAATGTGTGACCC,pbmc_1k,2
TGGCCTTCACAACGGA,pbmc_1k,1
TGGCCTTCACTGTAAC,pbmc_1k,3
TGGCGCACACTAGGAG,pbmc_1k,5
TGGGTGCAGATTACGA,pbmc_1k,1
TGGGTTAGTGTTGGTT,pbmc_1k,1
TGGTCAATCTTTCGAT,pbmc_1k,2
TGGTCCTAGTAGAAGG,pbmc_1k,6
TGGTCCTCACCCATCT,pbmc_1k,1
TGGTCCTCACGTTACA,pbmc_1k,3
TGTAAGCAGTAGAAGG,pbmc_1k,1
TGTAAGCGTGGCGCTT,pbmc_1k,4
TGTAAGCTCCTTTGCG,pbmc_1k,5
TGTACAGAGGTTGTTC,pbmc_1k,3
TGTACAGCAATAGTGA,pbmc_1k,3
TGTACAGGTGCTGGCT,pbmc_1k,2
TGTACGACAAACGACG,pbmc_1k,3
TGTACGAGTGCGCTCA,pbmc_1k,5
TGTAGCACAAAGAAGG,pbmc_1k,1
TGTAGCACACAAGGGT,pbmc_1k,1
TGTAGCATCTCTGCAC,pbmc_1k,4
TGTGACACATGCGACC,pbmc_1k,4
TGTGACAGTCACTCTC,pbmc_1k,2
TGTGTCCCAACAAACA,pbmc_1k,2
TGTGTCCGTGAGGGTT,pbmc_1k,1
TGTTAGGAGCGGACTA,pbmc_1k,3
TGTTAGGCAACGTCGC,pbmc_1k,4
TGTTAGGCAACTCAAC,pbmc_1k,1
TGTTAGGCATGCGTTA,pbmc_1k,1
TTAACGGGTTCTTATC,pbmc_1k,2
TTAACGGTCCAGAATC,pbmc_1k,4
TTACCCGGTATTCTTC,pbmc_1k,1
TTACCCGGTTTGCCCT,pbmc_1k,2
TTACCGCTCCAATCCC,pbmc_1k,2
TTACGGAAGACCGCAA,pbmc_1k,5
TTACGGACAGCAGGTA,pbmc_1k,3
TTACGTTAGCATTGGG,pbmc_1k,1
TTACGTTCAATCACTG,pbmc_1k,1
TTACTCACAGGTCTGC,pbmc_1k,1
TTACTTGGTGCTAGTT,pbmc_1k,1
TTAGCGAAGACACGGT,pbmc_1k,2
TTAGCGACAGATAAGT,pbmc_1k,3
TTAGCGACATCATAGC,pbmc_1k,5
TTAGCGAGTCTGATTG,pbmc_1k,3
TTAGCTTCACTGGGCT,pbmc_1k,1
TTAGCTTCACTGTTAG,pbmc_1k,1
TTATGTCGTCAATCCA,pbmc_1k,1
TTATGTCTCTATCTCA,pbmc_1k,3
TTCAACTAGCTTACCA,pbmc_1k,1
TTCATCACAAGGCTTT,pbmc_1k,1
TTCATCAGTCAACTAC,pbmc_1k,3
TTCATTGGTTAGGAAT,pbmc_1k,2
TTCGATTAGGAATGGA,pbmc_1k,4
TTCGATTCAGGTGGTA,pbmc_1k,6
TTCGCGTAGCGAATAT,pbmc_1k,2
TTCGCGTGTCCAAGAG,pbmc_1k,5
TTCGGTCAGCAGTAGC,pbmc_1k,1
TTCGGTCTCCTCTCTT,pbmc_1k,1
TTCGTTAAGAATACTG,pbmc_1k,1
TTCGTTAAGTGTCACT,pbmc_1k,4
TTCGTTAAGTGTTCCA,pbmc_1k,1
TTCGTTATCGAACACT,pbmc_1k,1
TTCTAACAGAAGCCTG,pbmc_1k,1
TTCTAACAGTGCCCTG,pbmc_1k,4
TTCTGTAAGAGTTTGA,pbmc_1k,1
TTCTGTACATAGAATG,pbmc_1k,1
TTGACGAAGTAGAAGG,pbmc_1k,3
TTGACGAGTCTGCACG,pbmc_1k,5
TTGAGCACAATGCCAT,pbmc_1k,1
TTGAGTGCAGAACTTC,pbmc_1k,4
TTGAGTGTCAGTCACA,pbmc_1k,1
TTGAGTGTCGTTACAG,pbmc_1k,1
TTGCACCAGATATGTG,pbmc_1k,5
TTGCACCAGGGCATTG,pbmc_1k,1
TTGCACCAGTGTCACT,pbmc_1k,6
TTGCACCCAAGTCTCA,pbmc_1k,1
TTGCAGATCACAACAC,pbmc_1k,4
TTGCCCACAACTCAAC,pbmc_1k,6
TTGCCCAGTGAATCGG,pbmc_1k,1
TTGCCCATCGATAGGG,pbmc_1k,4
TTGCGAAAGCAACGGT,pbmc_1k,4
TTGCGAAAGTAGTGTA,pbmc_1k,1
TTGCTATCAGTCAGCC,pbmc_1k,1
TTGCTATGTCACCGCA,pbmc_1k,3
TTGCTATGTCTGCGCA,pbmc_1k,3
TTGCTATGTCTTAGCA,pbmc_1k,1
TTGCTATTCATACTTC,pbmc_1k,2
TTGCTATTCTATAGGC,pbmc_1k,1
TTGCTTAAGCGCGTTC,pbmc_1k,1
TTGGTCCAGCCATGGA,pbmc_1k,2
TTGGTCCAGGAACCGT,pbmc_1k,4
TTGGTCCAGTAGTCGG,pbmc_1k,3
TTGGTCCAGTCGCCTG,pbmc_1k,2
TTGGTCCCATGGGACA,pbmc_1k,5
TTGTCTAAGCGTGTTT,pbmc_1k,6
TTGTCTACAGCAACCC,pbmc_1k,3
TTGTCTACATTTGTTC,pbmc_1k,6
TTGTCTATCCATCTAT,pbmc_1k,3
TTGTCTATCTGGCGCA,pbmc_1k,1
TTGTTCAAGTTTACGC,pbmc_1k,2
TTGTTCACATCCCAAA,pbmc_1k,3
TTGTTGTCAGAGTCGA,pbmc_1k,1
TTGTTGTTCATTCTCA,pbmc_1k,1
TTTACGTAGACGAAAG,pbmc_1k,4
TTTACGTCAAGCGACA,pbmc_1k,1
TTTACGTCACACATGT,pbmc_1k,1
TTTACGTCACTAAACC,pbmc_1k,1
TTTGAGGGTCAGCTTA,pbmc_1k,1
TTTGCGCAGTTAGCAA,pbmc_1k,1
TTTGCGCCACATATCG,pbmc_1k,3
TTTGCGCGTCTGGTCG,pbmc_1k,1
TTTGCGCTCAATCGTG,pbmc_1k,2
TTTGGCCAGGCGCTTC,pbmc_1k,6
TTTGGTTCACCGAATT,pbmc_1k,6
TTTGGTTGTGAGAGTC,pbmc_1k,3
TTTGGTTGTTGCAGAG,pbmc_1k,1
